{
  "Total" : {
    "transaction" : "Total",
    "sampleCount" : 20,
    "errorCount" : 1,
    "errorPct" : 5.0,
    "meanResTime" : 287.55000000000007,
    "medianResTime" : 344.5,
    "minResTime" : 0.0,
    "maxResTime" : 703.0,
    "pct1ResTime" : 412.8,
    "pct2ResTime" : 688.5499999999997,
    "pct3ResTime" : 703.0,
    "throughput" : 0.33163646011242476,
    "receivedKBytesPerSec" : 0.7031891250186545,
    "sentKBytesPerSec" : 0.041535523446697725
  },
  "TC1_CategoryDetails" : {
    "transaction" : "TC1_CategoryDetails",
    "sampleCount" : 20,
    "errorCount" : 1,
    "errorPct" : 5.0,
    "meanResTime" : 287.55000000000007,
    "medianResTime" : 344.5,
    "minResTime" : 0.0,
    "maxResTime" : 703.0,
    "pct1ResTime" : 412.8,
    "pct2ResTime" : 688.5499999999997,
    "pct3ResTime" : 703.0,
    "throughput" : 0.331394674487581,
    "receivedKBytesPerSec" : 0.7026764521300393,
    "sentKBytesPerSec" : 0.041505241213898696
  },
  "GET /v1/Categories/CategoryID/Details.json?catalogue=false " : {
    "transaction" : "GET /v1/Categories/CategoryID/Details.json?catalogue=false ",
    "sampleCount" : 15,
    "errorCount" : 1,
    "errorPct" : 6.6666665,
    "meanResTime" : 383.3999999999999,
    "medianResTime" : 361.0,
    "minResTime" : 315.0,
    "maxResTime" : 703.0,
    "pct1ResTime" : 529.6000000000001,
    "pct2ResTime" : 703.0,
    "pct3ResTime" : 703.0,
    "throughput" : 0.24874796855825676,
    "receivedKBytesPerSec" : 0.7032474306407748,
    "sentKBytesPerSec" : 0.04153896740572452
  }
}